{
    "comment": "",
    "charmap": {
	"ૉ": [
		[
                		"ઑ",
        	        1.0,0
        	]
        ],
	"ૌ": [
		[
                		"ઔ",
        	        1.0,0
        	]
        ],
	"ૈ": [
		[
                		"ઐ",
        	        1.0,0
        	]
        ],
	"ા": [
		[
                		"આ",
        	        1.0,0
        	]
        ],
	"ી": [
		[
                		"ઈ",
        	        1.0,0
        	]
        ],
	"ૂ": [
		[
                		"ઊ",
        	        1.0,0
        	]
        ],
	"ો": [
		[
                		"ઓ",
        	        1.0,0
        	]
        ],

	"ે": [
		[
                		"એ",
        	        1.0,0
        	]
        ],

	"્": [
		[
                		"અ",
        	        1.0,0
        	]
        ],

	"િ": [
		[
                		"ઇ",
        	        1.0,0
        	]
        ],

	"ુ": [
		[
                		"ઉ",
        	        1.0,0
        	]
        ],

	"બ": [
		[
                		"ભ",
        	        1.0,0
        	]
        ],

	"હ": [
		[
                		"ઙ",
        	        1.0,0
        	]
        ],

	"ગ": [
		[
                		"ઘ",
        	        1.0,0
        	]
        ],

	"દ": [
		[
                		"ધ",
        	        1.0,0
        	]
        ],

	"જ": [
		[
                		"ઝ",
        	        1.0,0
        	]
        ],

	"ડ": [
		[
                		"ઢ",
        	        1.0,0
        	]
        ],

	"પ": [
		[
                		"ફ",
        	        1.0,0
        	]
        ],

	"ર": [
		[
                		"ઋ",
        	        1.0,0
        	]
        ],

	"ક": [
		[
                		"ખ",
        	        1.0,0
        	]
        ],

	"ત": [
		[
                		"થ",
        	        1.0,0
        	]
        ],

	"ચ": [
		[
                		"છ",
        	        1.0,0
        	]
        ],

	"ટ": [
		[
                		"ઠ",
        	        1.0,0
        	]
        ],

	"઼": [
		[
                		"ૃ",
        	        1.0,0
        	]
        ],

	"ં": [
		[
                		"ૐ",
        	        1.0,0
        	]
        ],

	"મ": [
		[
                		"ઁ",
        	        1.0,0
        	]
        ],

	"ન": [
		[
                		"ણ",
        	        1.0,0
        	]
        ],

	"વ": [
		[
                		"ઞ",
        	        1.0,0
        	]
        ],

	"લ": [
		[
                		"ળ",
        	        1.0,0
        	]
        ],

	"સ": [
		[
                		"શ",
        	        1.0,0
        	]
        ],

	"ષ": [
		[
                	"(",
        	        1.0,0
        	]
        ],

	"ય": [
		[
                	")",
        	        1.0,0
        	]
        ],

	"૧": [
		[
	                	"ૠ",
        	        1.0,0
        	],
		[
	                "1",
        	        1.0,0
        	]
        ],

	"૨": [
		[
                		"ॅ",
        	        1.0,0
        	],
		[
	                "2",
        	        1.0,0
        	]
        ],

	"૩": [
		[
                		"॓",
        	        1.0,0
        	],
		[
	                "3",
        	        1.0,0
        	]
        ],

	"૪": [
		[
               		"ઃ",
        	        1.0,0
        	],
		[
	                "4",
        	        1.0,0
        	]
        ],

	"૫": [
		[
                	"₹",
        	        1.0,0
        	],
		[
	                "5",
        	        1.0,0
        	]
        ],

	"૬": [
		[
                	"@",
        	        1.0,0
        	],
		[
	                "6",
        	        1.0,0
        	]
        ],

	"૭": [
		[
                	"\"",
        	        1.0,0
        	],
		[
	                "7",
        	        1.0,0
        	]
        ],

	"૮": [
		[
                	"'",
        	        1.0,0
        	],
		[
	                "8",
        	        1.0,0
        	]
        ],

	"૯": [
		[
                	"+",
        	        1.0,0
        	],
		[
	                "9",
        	        1.0,0
        	]
        ],

	"૦": [
		[
                	"-",
        	        1.0,0
        	],
		[
	                "0",
        	        1.0,0
        	]
        ],

 	"ॉ": [
        	[
                		"ऑ",
                	1.0,0
            	]
        ]
            },
    "name": "Gujarati(India)",
    "variant": [
        "gu",
        "IN"
    ],
    "version": [
        0,
        3
    ],
    "local_name": "ગુજરાતી"
}
