{
    "comment": "",
    "charmap": {
        "ਕ": [
           [
		"ਖ",
		1.0,0
	   ]
        ],
        "ਗ": [
	     [
		"ਘ",
		1.0,0
	   ]
	 ],
        "ਘ": [
            [
		"ਛ",
		1.0,0
	   ]
        ],
        "ਜ": [
	     [
		"ਝ",
		1.0,0
	   ]
        ],
        "ਟ": [
	     [
		"ਠ",
		1.0,0
	   ]
        ],
        "ਡ":[
	   [
		 "ਢ",
	  	1.0,0
	   ]
	],
         "ਨ":[
	   [
		"ਣ",
		1.0,0
	   ]
	 ],
        "ਪ": [
            [
                "ਫ",
                1.0,0
            ]
        ],
        "ਬ": [
            [
                "ਭ",
                1.0,0
            ]
        ],
        "ਮ": [
            [
               "ਁ",
                1.0,0
            ]
        ],
        "ਵ": [
            [
                "ਞ",
                1.0,0
            ]
        ],
        "ਲ": [
            [
                "ਲ਼",
                1.0,0
            ]
        ],
        "ਸ": [
            [
                "ਸ਼",
                1.0,0
            ]
        ],
        "ਯ": [
            [
                ")",
                1.0,0
            ]
        ],
        "ਹ": [
            [
                "ਙ",
                1.0,0
            ]
        ],
        "ਰ": [
            [
                "ੜ",
                1.0,0
            ]
        ],
        "ਤ": [
            [
                "ਥ",
                1.0,0
            ]
        ],
        "ਦ": [
            [
                "ਧ",
                1.0,0
            ]
        ],
        "ੌ": [
            [
                "ਔ",
                1.0,0
            ]
        ],
        "ੋ": [
            [
                "ਓ",
                1.0,0
            ]
        ],
        "ੇ": [
            [
                "ਏ",
                1.0,0
            ]
        ],
        "ੈ": [
            [
                "ਐ",
                1.0,0
            ]
        ],
        "ਾ": [
            [
                "ਆ",
                1.0,0
            ]
        ],
        "੍": [
            [
                "ਅ",
                1.0,0
            ]
        ],
        "ੀ": [
            [
                "ਈ",
                1.0,0
            ]
        ],
        "ਿ": [
            [
                "ਇ",
                1.0,0
            ]
        ],
        "ੁ": [
            [
                "ਉ",
                1.0,0
            ]
        ],
        "ੂ": [
            [
                "ਊ",
                1.0,0
            ]
        ],
       "ੱ": [
            [
                "ਁ",
                1.0,0
            ]
        ],
        "ੰ": [
            [
                "਼",
                1.0,0
            ]
        ]
    },
    "name": "Punjabi(India)",
    "variant": [
        "pa",
        "IN"
    ],
    "version": [
        0,
        3
    ],
    "local_name": "ਪੰਜਾਬੀ"
}
