{
    "comment": "",
    "charmap": {
	"ॉ": [
            [
                	"ऑ",
                1.0,0
            ]
        ],
	"ौ": [
            [
                	"औ",
                1.0,0
            ]
        ],
	"ै": [
            [
                	"ऐ",
                1.0,0
            ]
        ],
	"ा": [
            [
                	"आ",
                1.0,0
            ]
        ],
	"ी": [
            [
                	"ई",
                1.0,0
            ]
        ],
	"ू": [
            [
                	"ऊ",
                1.0,0
            ]
        ],
	"ो": [
            [
                	"ओ",
                1.0,0
            ]
        ],
	"े": [
            [
                	"ए",
                1.0,0
            ]
        ],
	"्": [
            [
                	"अ",
                1.0,0
            ]
        ],
	"ि": [
            [
                	"इ",
                1.0,0
            ]
        ],
	"ु": [
            [
                	"उ",
                1.0,0
            ]
        ],
	"़": [
            [
                	"ृ",
                1.0,0
            ]
        ],
	"ं": [
            [
                	"ॐ",
                1.0,0
            ]
        ],
	"ॉ": [
            [
                	"ऑ",
                1.0,0
            ]
        ],
	"क": [
            [
                	"ख",
                1.0,0
            ]
        ],
	"ग": [
            [
                	"घ",
                1.0,0
            ]
        ],
	"च": [
            [
                	"छ",
                1.0,0
            ]
        ],
	"ज": [
            [
                	"झ",
                1.0,0
            ]
        ],
	"ट": [
            [
                	"ठ",
                1.0,0
            ]
        ],
	"ड": [
            [
                	"ढ",
                1.0,0
            ]
        ],
	"न": [
            [
                	"ण",
                1.0,0
            ]
        ],
	"त": [
            [
                	"थ",
                1.0,0
            ]
        ],
	"द": [
            [
                	"ध",
                1.0,0
            ]
        ],
	"प": [
            [
                	"फ",
                1.0,0
            ]
        ],
	"ब": [
            [
                	"भ",
                1.0,0
            ]
        ],
	"म": [
            [
                	"ँ",
                1.0,0
            ]
        ],
	"य": [
            [
                ")",
                1.0,0
            ]
        ],
	"र": [
            [
                	"ऋ",
                1.0,0
            ]
        ],
	"ल": [
            [
                	"ळ",
                1.0,0
            ]
        ],
	"व": [
            [
                	"ञ",
                1.0,0
            ]
        ],
	"स": [
            [
                	"श",
                1.0,0
            ]
        ],
	"ष": [
            [
                "(",
                1.0,0
            ]
        ],
	"ह": [
            [
                	"ङ",
                1.0,0
            ]
        ],
	"१": [
            [
                "।",
                1.0,0
            ],
            [
                "1",
                1.0,0
            ]

        ],
	"२": [
            [
                	"ॅ",
                1.0,0
            ],
            [
                "2",
                1.0,0
            ]

        ],
	"३": [
            [
                	"॓",
                1.0,0
            ],
            [
                "3",
                1.0,0
            ]

        ],
	"४": [
            [
                	"ः",
                1.0,0
            ],
            [
                "4",
                1.0,0
            ]

        ],
	"५": [
            [
                	"ॆ",
                1.0,0
            ],
            [
                "5",
                1.0,0
            ]

        ],
	"६": [
            [
                "@",
                1.0,0
            ],
            [
                "6",
                1.0,0
            ]

        ],
	"७": [
            [
                "\"",
                1.0,0
            ],
            [
                "7",
                1.0,0
            ]

        ],
	"८": [
            [
                "'",
                1.0,0
            ],
            [
                "8",
                1.0,0
            ]

        ],
        	"९": [
            [
                "+",
                1.0,0
            ],
            [
                "9",
                1.0,0
            ]

        ],
        	"०": [
            [
                "-",
                1.0,0
            ],
            [
                "0",
                1.0,0
            ]

        ]
            },
    "name": "Marathi(India)",
    "variant": [
        "mr",
        "IN"
    ],
    "version": [
        0,
        3
    ],
    "local_name": "मराठी"
}
